{"Test1 - Fiducial on dry spot": 
    {"actual latitude": [42.293004, 42.293004, 42.293004],
     "actual longitude": [-71.263612, -71.263612, -71.263612],
     "measured latitude": [42.2929955, 42.2930048, 42.2929606],
     "measured longitude": [-71.2636023, -71.2636229, -71.2636175]},
 "Test1 - Fiducial on black line": 
    {"actual latitude": [42.293002, 42.293002, 42.293002],
     "actual longitude": [-71.26355, -71.26355, -71.26355],
     "measured latitude": [42.2929737, 42.2929662, 42.2929698],
     "measured longitude": [-71.2636127, -71.2636271, -71.2636057]}}
